human_c,novelty_c,novelty_c2,fit,se.fit,UB,LB
0,-0.8644067796610169,0.7471990807239297,1.0364587287440423,0.3030278170927196,1.6303932502457728,0.4425242072423119
0,0.13559322033898313,0.01838552140189603,0.39974493092773383,0.3376778977274816,1.0615936104735977,-0.2621037486181301
0,1.1355932203389831,1.2895719620798622,-1.7885475895261453,0.4909468742330226,-0.8262917160294211,-2.7508034630228697
