human_c,novelty_c,novelty_c2,fit,se.fit,UB,LB
0,-0.8644067796610169,0.7471990807239297,1.3403239917396235,0.26364295616013267,1.8570641858134835,0.8235837976657634
0,0.13559322033898313,0.01838552140189603,0.4438212634684127,0.230209084193817,0.8950310684882941,-0.007388541551468564
0,1.1355932203389831,1.2895719620798622,-2.0092609471812652,0.3608696417970743,-1.3019564492589994,-2.716565445103531
