human_c,novelty_c,novelty_c2,fit,se.fit,UB,LB
0,-0.8644067796610169,0.7471990807239297,1.3195413724269187,0.28263394228023414,1.8735038992961777,0.7655788455576598
0,0.13559322033898313,0.01838552140189603,0.5244582589382416,0.2532181438792724,1.0207658209416155,0.02815069693486777
0,1.1355932203389831,1.2895719620798622,-1.4948042607021774,0.3946028263630298,-0.721382721030639,-2.268225800373716
